<?xml version="1.0" encoding="UTF-8"?>
<beans xmlns="http://www.springframework.org/schema/beans"
	xmlns:xsi="http://www.w3.org/2001/XMLSchema-instance"
	xmlns:rabbit="http://www.springframework.org/schema/rabbit"
	xsi:schemaLocation="http://www.springframework.org/schema/beans
        http://www.springframework.org/schema/beans/spring-beans.xsd
        http://www.springframework.org/schema/rabbit
        http://www.springframework.org/schema/rabbit/spring-rabbit.xsd">

	<rabbit:connection-factory
		id="connectionFactory" host="localhost" username="eric"
		password="eric" />

	<rabbit:admin connection-factory="connectionFactory" />

	<!-- *********** DIRECT EXCHANGE ***************** -->
	<rabbit:queue name="itemQueue" durable="true" />

	<rabbit:direct-exchange
		name="itemDirectExchange" durable="true">
		<rabbit:bindings>
			<rabbit:binding queue="itemQueue" key="item.inline"></rabbit:binding>
		</rabbit:bindings>
	</rabbit:direct-exchange>


	<!-- **************** DIRECT PRODUCER -->

	<!-- This producer will publish with this routing key [essentially to queue 
		directQueue] associated with it...] -->
	<rabbit:template id="itemInlineTemplate"
		connection-factory="connectionFactory" reply-timeout="2000"
		routing-key="item.inline" exchange="itemDirectExchange" />

</beans>
